{"ratio": [], "shift": [["lier,Personne", 0], ["lier,Candidat", 0], ["appartenir,Personne", 0], ["appartenir,Equipe", 0], ["devenir,Equipe", 0], ["devenir,Candidat", 0], ["inscrire,Candidat", 0], ["inscrire,Competition", 0]], "colors": [["annotation_color", "#c51b7d"], ["annotation_text_color", "#f7f7f7"], ["association_attribute_text_color", "#000000"], ["association_cartouche_color", "#f1b6da"], ["association_cartouche_text_color", "#000000"], ["association_color", "#fde0ef"], ["association_stroke_color", "#de77ae"], ["background_color", "#f7f7f7"], ["card_text_color", "#4d9221"], ["entity_attribute_text_color", "#000000"], ["entity_cartouche_color", "#b8e186"], ["entity_cartouche_text_color", "#000000"], ["entity_color", "#e6f5d0"], ["entity_stroke_color", "#7fbc41"], ["leg_stroke_color", "#de77ae"], ["transparent_color", "none"]], "cy": [["lier", 34], ["Personne", 109], ["Equipe", 109], ["Candidat", 109], ["Competition", 109], ["appartenir", 201], ["devenir", 201], ["inscrire", 201]], "cx": [["lier", 149], ["Personne", 48], ["Equipe", 149], ["Candidat", 248], ["Competition", 355], ["appartenir", 48], ["devenir", 149], ["inscrire", 248]], "size": [406, 235]}